Time_s,Level_m,Error_m,Inflow_m3ps
0.0,3.0,2.0,1.0
0.1,3.009975041614635,1.9900249583853649,1.0
0.2,3.019900332501664,1.9800996674983362,1.0
0.30000000000000004,3.0297761207938745,1.9702238792061255,1.0
0.4,3.0396026533864893,1.9603973466135107,1.0
0.5,3.0493801759433348,1.9506198240566652,1.0
0.6000000000000001,3.0591089329029835,1.9408910670970165,1.0
0.7000000000000001,3.0687891674848666,1.9312108325151334,1.0
0.8,3.0784211216953534,1.9215788783046466,1.0
0.9,3.0880050363338,1.9119949636662001,1.0
1.0,3.097541150998572,1.902458849001428,1.0
1.1,3.1070297040930326,1.8929702959069674,1.0
1.2000000000000002,3.1164709328315023,1.8835290671684977,1.0
1.3,3.125865073245193,1.8741349267548069,1.0
1.4000000000000001,3.1352123601881035,1.8647876398118965,1.0
1.5,3.144513027342894,1.855486972657106,1.0
1.6,3.1537673072267287,1.8462326927732713,1.0
1.7000000000000002,3.1629754311970855,1.8370245688029145,1.0
1.8,3.1721376294575436,1.8278623705424564,1.0
1.9000000000000001,3.181254131063537,1.818745868936463,1.0
2.0,3.190325163928081,1.809674836071919,1.0
2.1,3.1993509548274686,1.8006490451725314,1.0
2.2,3.2083317294069436,1.7916682705930564,1.0
2.3000000000000003,3.217267712186337,1.7827322878136629,1.0
2.4000000000000004,3.226159126565685,1.773840873434315,1.0
2.5,3.2350061948308095,1.7649938051691905,1.0
2.6,3.2438091381588774,1.7561908618411226,1.0
2.7,3.252568176623931,1.7474318233760688,1.0
2.8000000000000003,3.2612835292023883,1.7387164707976117,1.0
2.9000000000000004,3.2699554137785176,1.7300445862214824,1.0
3.0,3.2785840471498844,1.7214159528501156,1.0
3.1,3.287169645032773,1.712830354967227,1.0
3.2,3.2957124220675773,1.7042875779324227,1.0
3.3000000000000003,3.3042125918241685,1.6957874081758315,1.0
3.4000000000000004,3.312670366807233,1.6873296331927672,1.0
3.5,3.3210859584615853,1.6789140415384147,1.0
3.6,3.329459577177456,1.670540422822544,1.0
3.7,3.3377914322957487,1.6622085677042513,1.0
3.8000000000000003,3.3460817321132756,1.6539182678867244,1.0
3.9000000000000004,3.354330683887963,1.6456693161120368,1.0
4.0,3.3625384938440366,1.6374615061559634,1.0
4.1000000000000005,3.370705367177171,1.629294632822829,1.0
4.2,3.378831508059626,1.6211684919403742,1.0
4.3,3.3869171196453465,1.6130828803546535,1.0
4.4,3.3949624040750432,1.6050375959249568,1.0
4.5,3.402967562481246,1.5970324375187541,1.0
4.6000000000000005,3.4109327949933324,1.5890672050066676,1.0
4.7,3.418858300742529,1.5811416992574712,1.0
4.800000000000001,3.4267442778668933,1.5732557221331067,1.0
4.9,3.4345909235162635,1.5654090764837365,1.0
5.0,3.44239843385719,1.55760156614281,1.0
5.1000000000000005,3.450167004077838,1.549832995922162,1.0
5.2,3.4578968283928675,1.5421031716071325,1.0
5.300000000000001,3.4655881000482887,1.5344118999517113,1.0
5.4,3.4732410113262935,1.5267589886737065,1.0
5.5,3.4808557535500633,1.5191442464499367,1.0
5.6000000000000005,3.4884325170885493,1.5115674829114507,1.0
5.7,3.4959714913612348,1.5040285086387652,1.0
5.800000000000001,3.5034728648428697,1.4965271351571303,1.0
5.9,3.5109368250681814,1.4890631749318186,1.0
6.0,3.5183635586365645,1.4816364413634355,1.0
6.1000000000000005,3.525753251216744,1.4742467487832558,1.0
6.2,3.5331060875514213,1.4668939124485787,1.0
6.300000000000001,3.5404222514618864,1.4595777485381136,1.0
6.4,3.547701925852618,1.4522980741473819,1.0
6.5,3.5549452927158556,1.4450547072841444,1.0
6.6000000000000005,3.562152533136148,1.4378474668638521,1.0
6.7,3.5693238272948804,1.4306761727051196,1.0
6.800000000000001,3.5764593544747805,1.4235406455252195,1.0
6.9,3.5835592930644,1.4164407069356,1.0
7.0,3.5906238205625733,1.4093761794374267,1.0
7.1000000000000005,3.5976531135828553,1.4023468864171447,1.0
7.2,3.604647347857938,1.395352652142062,1.0
7.300000000000001,3.6116066982440422,1.3883933017559578,1.0
7.4,3.618531338725291,1.3814686612747091,1.0
7.5,3.6254214424180558,1.3745785575819442,1.0
7.6000000000000005,3.6322771815752883,1.3677228184247117,1.0
7.7,3.6390987275908246,1.3609012724091754,1.0
7.800000000000001,3.6458862510036707,1.3541137489963293,1.0
7.9,3.6526399215022645,1.3473600784977355,1.0
8.0,3.659359907928722,1.3406400920712782,1.0
8.1,3.6660463782830512,1.3339536217169488,1.0
8.200000000000001,3.6726994997273614,1.3273005002726386,1.0
8.3,3.679319438590034,1.320680561409966,1.0
8.4,3.6859063603698865,1.3140936396301135,1.0
8.5,3.6924604297403056,1.3075395702596944,1.0
8.6,3.698981810553367,1.301018189446633,1.0
8.700000000000001,3.705470665843931,1.2945293341560689,1.0
8.8,3.7119271578337174,1.2880728421662826,1.0
8.9,3.7183514479353628,1.2816485520646372,1.0
9.0,3.7247436967564536,1.2752563032435464,1.0
9.1,3.7311040641035436,1.2688959358964564,1.0
9.200000000000001,3.737432708986148,1.262567291013852,1.0
9.3,3.7437297896207182,1.2562702103792818,1.0
9.4,3.7499954634345984,1.2500045365654016,1.0
9.5,3.75622988706996,1.24377011293004,1.0
9.600000000000001,3.762433216387718,1.237566783612282,1.0
9.700000000000001,3.76860560647143,1.23139439352857,1.0
9.8,3.774747211631168,1.2252527883688318,1.0
9.9,3.7808581854073813,1.2191418145926187,1.0
10.0,3.786938680574733,1.2130613194252668,1.0
10.100000000000001,3.792988849145919,1.2070111508540808,1.0
10.200000000000001,3.799008842375468,1.2009911576245318,1.0
10.3,3.804998810763525,1.195001189236475,1.0
10.4,3.8109589040596115,1.1890410959403885,1.0
10.5,3.81688927126637,1.18311072873363,1.0
10.600000000000001,3.82279006064329,1.1772099393567101,1.0
10.700000000000001,3.8286614197104125,1.1713385802895875,1.0
10.8,3.8345034952520205,1.1654965047479795,1.0
10.9,3.8403164333203073,1.1596835666796927,1.0
11.0,3.8461003792390267,1.1538996207609733,1.0
11.100000000000001,3.851855477607128,1.148144522392872,1.0
11.200000000000001,3.8575818723023705,1.1424181276976295,1.0
11.3,3.863279706484919,1.136720293515081,1.0
11.4,3.8689491226009256,1.1310508773990744,1.0
11.5,3.8745902623860884,1.1254097376139116,1.0
11.600000000000001,3.880203266869196,1.119796733130804,1.0
11.700000000000001,3.885788276375652,1.114211723624348,1.0
11.8,3.8913454305309862,1.1086545694690138,1.0
11.9,3.896874868264341,1.1031251317356592,1.0
12.0,3.902376727811947,1.097623272188053,1.0
12.100000000000001,3.9078511467205814,1.0921488532794186,1.0
12.200000000000001,3.9132982618510006,1.0867017381489994,1.0
12.3,3.918718209381367,1.081281790618633,1.0
12.4,3.9241111248106515,1.0758888751893485,1.0
12.5,3.9294771429620194,1.0705228570379806,1.0
12.600000000000001,3.934816397986206,1.0651836020137941,1.0
12.700000000000001,3.940129023364863,1.0598709766351369,1.0
12.8,3.9454151519139034,1.0545848480860966,1.0
12.9,3.9506749157868146,1.0493250842131854,1.0
13.0,3.955908446477968,1.044091553522032,1.0
13.100000000000001,3.9611158748259037,1.0388841251740963,1.0
13.200000000000001,3.9662973310166016,1.0337026689833984,1.0
13.3,3.971452944586736,1.0285470554132639,1.0
13.4,3.976582844426915,1.0234171555730849,1.0
13.5,3.9816871587849016,1.0183128412150984,1.0
13.600000000000001,3.986766015268821,1.0132339847311789,1.0
13.700000000000001,3.991819540850349,1.008180459149651,1.0
13.8,3.996847861867889,1.0031521381321111,1.0
13.9,4.001851104029728,0.9981488959702718,1.0
14.0,4.006829392417181,0.9931706075828188,1.0
14.100000000000001,4.011782851487717,0.988217148512283,1.0
14.200000000000001,4.01671160507807,0.9832883949219298,1.0
14.3,4.021615776407337,0.9783842235926627,1.0
14.4,4.026495488080057,0.973504511919943,1.0
14.5,4.031350862089275,0.9686491379107247,1.0
14.600000000000001,4.036182019819595,0.963817980180405,1.0
14.700000000000001,4.040989082050212,0.9590109179497883,1.0
14.8,4.045772168957932,0.9542278310420684,1.0
14.9,4.0505314001201755,0.9494685998798245,1.0
15.0,4.05526689451797,0.9447331054820296,1.0
15.100000000000001,4.059978770538924,0.9400212294610757,1.0
15.200000000000001,4.064667145980182,0.9353328540198182,1.0
15.3,4.069332138051373,0.9306678619486268,1.0
15.4,4.073973863377544,0.9260261366224558,1.0
15.5,4.078592438002069,0.9214075619979312,1.0
15.600000000000001,4.083187977389553,0.916812022610447,1.0
15.700000000000001,4.087760596428722,0.9122394035712782,1.0
15.8,4.092310409435289,0.9076895905647113,1.0
15.9,4.096837530154816,0.9031624698451841,1.0
16.0,4.101342071765557,0.8986579282344431,1.0
16.1,4.105824146881288,0.8941758531187123,1.0
16.2,4.110283867554118,0.8897161324458818,1.0
16.3,4.114721345277298,0.8852786547227023,1.0
16.400000000000002,4.119136690988002,0.8808633090119979,1.0
16.5,4.123530015070101,0.8764699849298987,1.0
16.6,4.127901427356929,0.872098572643071,1.0
16.7,4.132251037134019,0.8677489628659814,1.0
16.8,4.136578953141841,0.8634210468581589,1.0
16.900000000000002,4.1408852835785215,0.8591147164214785,1.0
17.0,4.145170136102546,0.8548298638974536,1.0
17.1,4.149433617835452,0.8505663821645477,1.0
17.2,4.153675835364503,0.8463241646354973,1.0
17.3,4.157896894745358,0.8421031052546422,1.0
17.400000000000002,4.1620969015047224,0.8379030984952776,1.0
17.5,4.1662759606429836,0.8337240393570164,1.0
17.6,4.170434176636837,0.8295658233631631,1.0
17.7,4.174571653441901,0.8254283465580992,1.0
17.8,4.178688494495309,0.8213115055046911,1.0
17.900000000000002,4.182784802718303,0.8172151972816968,1.0
18.0,4.186860680518802,0.8131393194811984,1.0
18.1,4.190916229793962,0.8090837702060378,1.0
18.2,4.1949515519327285,0.8050484480672715,1.0
18.3,4.198966747818362,0.8010332521816377,1.0
18.400000000000002,4.202961917830972,0.7970380821690277,1.0
18.5,4.206937161850014,0.7930628381499858,1.0
18.6,4.210892579256798,0.7891074207432016,1.0
18.7,4.214828268936963,0.7851717310630368,1.0
18.8,4.218744329282957,0.7812556707170426,1.0
18.900000000000002,4.2226408581964945,0.7773591418035055,1.0
19.0,4.2265179530909975,0.7734820469090025,1.0
19.1,4.230375710894043,0.7696242891059573,1.0
19.200000000000003,4.234214228049776,0.7657857719502239,1.0
19.3,4.238033600521326,0.7619663994786743,1.0
19.400000000000002,4.241833923793203,0.7581660762067974,1.0
19.5,4.245615292873686,0.7543847071263139,1.0
19.6,4.249377802297201,0.7506221977027989,1.0
19.700000000000003,4.253121546126678,0.7468784538733217,1.0
19.8,4.256846617955909,0.743153382044091,1.0
19.900000000000002,4.260553110911882,0.7394468890881178,1.0
20.0,4.264241117657115,0.7357588823428847,1.0
20.1,4.26791073039197,0.7320892696080303,1.0
20.200000000000003,4.271562040856954,0.7284379591430463,1.0
20.3,4.275195140335019,0.7248048596649808,1.0
20.400000000000002,4.278810119653843,0.7211898803461567,1.0
20.5,4.282407069188097,0.7175929308119029,1.0
20.6,4.285986078861705,0.714013921138295,1.0
20.700000000000003,4.289547238150097,0.7104527618499032,1.0
20.8,4.2930906360824395,0.7069093639175605,1.0
20.900000000000002,4.296616361243866,0.7033836387561339,1.0
21.0,4.300124501777689,0.699875498222311,1.0
21.1,4.303615145387605,0.6963848546123952,1.0
21.200000000000003,4.307088379339885,0.6929116206601149,1.0
21.3,4.310544290465559,0.6894557095344407,1.0
21.400000000000002,4.3139829651625865,0.6860170348374135,1.0
21.5,4.317404489398013,0.6825955106019874,1.0
21.6,4.3208089487101216,0.6791910512898784,1.0
21.700000000000003,4.324196428210574,0.6758035717894257,1.0
21.8,4.327567012586534,0.6724329874134662,1.0
21.900000000000002,4.330920786102785,0.6690792138972146,1.0
22.0,4.334257832603841,0.665742167396159,1.0
22.1,4.337578235516038,0.6624217644839616,1.0
22.200000000000003,4.340882077849622,0.6591179221503776,1.0
22.3,4.344169442200823,0.6558305577991774,1.0
22.400000000000002,4.347440410753921,0.6525595892460787,1.0
22.5,4.3506950652833005,0.6493049347166995,1.0
22.6,4.353933487155494,0.6460665128445058,1.0
22.700000000000003,4.357155757331217,0.642844242668783,1.0
22.8,4.3603619563673925,0.6396380436326075,1.0
22.900000000000002,4.363552164419162,0.6364478355808378,1.0
23.0,4.3667264612418935,0.6332735387581065,1.0
23.1,4.369884926193174,0.6301150738068264,1.0
23.200000000000003,4.37302763823479,0.6269723617652101,1.0
23.3,4.376154675934707,0.623845324065293,1.0
23.400000000000002,4.37926611746903,0.6207338825309696,1.0
23.5,4.38236204062396,0.6176379593760402,1.0
23.6,4.385442522797738,0.6145574772022622,1.0
23.700000000000003,4.388507641002577,0.611492358997423,1.0
23.8,4.391557471866592,0.6084425281334083,1.0
23.900000000000002,4.394592091635714,0.6054079083642856,1.0
24.0,4.397611576175596,0.6023884238244044,1.0
24.1,4.400616000973507,0.5993839990264931,1.0
24.200000000000003,4.4036054411402255,0.5963945588597745,1.0
24.3,4.40657997141191,0.5934200285880902,1.0
24.400000000000002,4.4095396661519715,0.5904603338480285,1.0
24.5,4.4124845993529345,0.5875154006470655,1.0
24.6,4.415414844638281,0.5845851553617187,1.0
24.700000000000003,4.418330475264297,0.5816695247357027,1.0
24.8,4.421231564121899,0.5787684358781009,1.0
24.900000000000002,4.424118183738459,0.5758818162615409,1.0
25.0,4.42699040627962,0.5730095937203803,1.0
25.1,4.429848303551093,0.5701516964489066,1.0
25.200000000000003,4.4326919470004595,0.5673080529995405,1.0
25.3,4.435521407718953,0.5644785922810467,1.0
25.400000000000002,4.43833675644324,0.5616632435567599,1.0
25.5,4.441138063557186,0.5588619364428142,1.0
25.6,4.443925399093612,0.5560746009063884,1.0
25.700000000000003,4.446698832736053,0.553301167263947,1.0
25.8,4.449458433820495,0.550541566179505,1.0
25.900000000000002,4.452204271337109,0.5477957286628907,1.0
26.0,4.454936413931975,0.5450635860680251,1.0
26.1,4.4576549299088,0.5423450700911996,1.0
26.200000000000003,4.460359887230626,0.5396401127693737,1.0
26.3,4.463051353521527,0.5369486464784732,1.0
26.400000000000002,4.4657293960682996,0.5342706039317004,1.0
26.5,4.468394081822147,0.5316059181778527,1.0
26.6,4.471045477400352,0.5289545225996477,1.0
26.700000000000003,4.473683649087943,0.5263163509120572,1.0
26.8,4.476308662839348,0.5236913371606517,1.0
26.900000000000002,4.478920584280049,0.5210794157199512,1.0
27.0,4.481519478708217,0.5184805212917833,1.0
27.1,4.4841054110963485,0.5158945889036515,1.0
27.200000000000003,4.486678446092888,0.5133215539071116,1.0
27.3,4.489238648023845,0.5107613519761554,1.0
27.400000000000002,4.4917860808944,0.5082139191056001,1.0
27.5,4.494320808390507,0.5056791916094934,1.0
27.6,4.496842893880487,0.503157106119513,1.0
27.700000000000003,4.499352400416608,0.5006475995833917,1.0
27.8,4.5018493907366635,0.49815060926333654,0.9963012185266731
27.900000000000002,4.5043339272655425,0.4956660727344575,0.991332145468915
28.0,4.506806072116787,0.4931939278832127,0.9863878557664254
28.1,4.5092658870941476,0.49073411290585245,0.9814682258117049
28.200000000000003,4.511713433693126,0.48828656630687384,0.9765731326137477
28.3,4.514148773102515,0.48585122689748506,0.9717024537949701
28.400000000000002,4.516571966205927,0.4834280337940733,0.9668560675881466
28.5,4.518983073583316,0.48101692641668414,0.9620338528333683
28.6,4.521382155512491,0.4786178444875091,0.9572356889750182
28.700000000000003,4.523769271970626,0.47623072802937383,0.9524614560587477
28.8,4.526144482635757,0.47385551736424336,0.9477110347284867
28.900000000000002,4.528507846888273,0.4714921531117273,0.9429843062234546
29.0,4.530859423812405,0.46914057618759486,0.9382811523751897
29.1,4.533199272197697,0.466800727802303,0.933601455604606
29.200000000000003,4.535527450540482,0.46447254945951766,0.9289450989190353
29.3,4.53784401704534,0.46215598295466,0.92431196590932
29.400000000000002,4.540149029626552,0.4598509703734477,0.9197019407468954
29.5,4.542442545909555,0.4575574540904448,0.9151149081808896
29.6,4.544724623232375,0.4552753767676254,0.9105507535352508
29.700000000000003,4.546995318647062,0.4530046813529376,0.9060093627058752
29.8,4.549254688921122,0.4507453110788777,0.9014906221577554
29.900000000000002,4.55150279053893,0.4484972094610704,0.8969944189221408
30.0,4.55373967970314,0.4462603202968598,0.8925206405937196
30.1,4.555965412336101,0.44403458766389914,0.8880691753277983
30.200000000000003,4.558180044081244,0.44181995591875634,0.8836399118375127
30.3,4.560383630304477,0.4396163696955231,0.8792327393910462
30.400000000000002,4.562576226095571,0.4374237739044293,0.8748475478088586
30.5,4.564757886269534,0.4352421137304656,0.8704842274609312
30.6,4.566928665367986,0.43307133463201364,0.8661426692640273
30.700000000000003,4.569088617660516,0.4309113823394837,0.8618227646789673
30.8,4.571237797146044,0.4287622028539557,0.8575244057079114
30.900000000000002,4.57337625755417,0.42662374244583035,0.8532474848916607
31.0,4.575504052346514,0.42449594765348575,0.8489918953069715
31.1,4.577621234718058,0.42237876528194196,0.8447575305638839
31.200000000000003,4.579727857598471,0.42027214240152944,0.8405442848030589
31.3,4.581823973653434,0.4181760263465657,0.8363520526931314
31.400000000000002,4.583909635285959,0.4160903647140408,0.8321807294280816
31.5,4.585984894637694,0.41401510536230557,0.8280302107246111
31.6,4.588049803590233,0.4119501964097667,0.8239003928195334
31.700000000000003,4.590104413766405,0.4098955862335947,0.8197911724671894
31.8,4.592148776531573,0.40785122346842684,0.8157024469368537
31.900000000000002,4.594182942994912,0.40581705700508763,0.8116341140101753
32.0,4.5962069640106895,0.4037930359893105,0.807586071978621
32.1,4.598220890179536,0.40177910982046416,0.8035582196409283
32.2,4.600224771849711,0.3997752281502889,0.7995504563005777
32.300000000000004,4.6022186591183605,0.3977813408816395,0.795562681763279
32.4,4.604202601832771,0.3957973981672289,0.7915947963344578
32.5,4.606176649591612,0.3938233504083879,0.7876467008167758
32.6,4.608140851746182,0.3918591482538183,0.7837182965076366
32.7,4.610095257401635,0.3899047425983646,0.7798094851967292
32.800000000000004,4.612039915418216,0.3879600845817839,0.7759201691635678
32.9,4.6139748744124764,0.38602512558752355,0.7720502511750471
33.0,4.615900182758492,0.3840998172415082,0.7681996344830164
33.1,4.617815888589071,0.382184111410929,0.764368222821858
33.2,4.619722039796959,0.38027796020304105,0.7605559204060821
33.300000000000004,4.6216186840360365,0.3783813159639635,0.756762631927927
33.4,4.623505868722506,0.37649413127749387,0.7529882625549877
33.5,4.625383641036086,0.3746163589639142,0.7492327179278284
33.6,4.62725204792118,0.3727479520788197,0.7454959041576394
33.7,4.629111136088058,0.37088886391194187,0.7417777278238837
33.800000000000004,4.630960952014021,0.36903904798597864,0.7380780959719573
33.9,4.6328015419445645,0.3671984580554355,0.734396916110871
34.0,4.634632951894531,0.36536704810546894,0.7307340962109379
34.1,4.6364552276492645,0.36354477235073546,0.7270895447014709
34.2,4.638268414765756,0.361731585234244,0.723463170468488
34.300000000000004,4.640072558573776,0.35992744142622435,0.7198548828524487
34.4,4.641867704177013,0.3581322958229869,0.7162645916459738
34.5,4.643653896454203,0.3563461035457971,0.7126922070915942
34.6,4.645431180060244,0.35456881993975564,0.7091376398795113
34.7,4.64719959942732,0.35280040057268014,0.7056008011453603
34.800000000000004,4.648959198766006,0.35104080123399406,0.7020816024679881
34.9,4.650710022066378,0.3492899779336218,0.6985799558672436
35.0,4.65245211309911,0.3475478869008901,0.6950957738017802
35.1,4.654185515416567,0.3458144845834328,0.6916289691668656
35.2,4.655910272353899,0.344089727646101,0.688179455292202
35.300000000000004,4.657626427030118,0.3423735729698816,0.6847471459397632
35.4,4.6593340223491815,0.3406659776508185,0.681331955301637
35.5,4.66103310100106,0.3389668989989403,0.6779337979978806
35.6,4.662723705462809,0.3372762945371912,0.6745525890743824
35.7,4.664405877999628,0.335594122000372,0.671188244000744
35.800000000000004,4.666079660665918,0.3339203393340817,0.6678406786681634
35.9,4.6677450953063335,0.3322549046936665,0.664509809387333
36.0,4.669402223556827,0.3305977764431729,0.6611955528863458
36.1,4.67105108684569,0.32894891315430996,0.6578978263086199
36.2,4.672691726394592,0.32730827360540804,0.6546165472108161
36.300000000000004,4.674324183219606,0.3256758167803939,0.6513516335607878
36.4,4.675948498132239,0.32405150186776144,0.6481030037355229
36.5,4.677564711740446,0.3224352882595536,0.6448705765191072
36.6,4.679172864449654,0.3208271355503456,0.6416542711006912
36.7,4.680772996463764,0.3192270035362359,0.6384540070724718
36.800000000000004,4.682365147786158,0.3176348522138417,0.6352697044276834
36.9,4.683949358220705,0.3160506417792952,0.6321012835585904
37.0,4.685525667372745,0.3144743326272552,0.6289486652545104
37.1,4.68709411465009,0.3129058853499096,0.6258117706998192
37.2,4.688654739264005,0.3113452607359948,0.6226905214719896
37.300000000000004,4.690207580230186,0.3097924197698143,0.6195848395396286
37.4,4.691752676369737,0.30824732363026275,0.6164946472605255
37.5,4.693290066310143,0.30670993368985666,0.6134198673797133
37.6,4.694819788486233,0.3051802115137674,0.6103604230275348
37.7,4.696341881141139,0.30365811885886096,0.6073162377177219
37.800000000000004,4.6978563823272586,0.30214361767274145,0.6042872353454829
37.9,4.699363329907199,0.3006366700928007,0.6012733401856014
38.0,4.70086276155473,0.29913723844526974,0.5982744768905395
38.1,4.702354714755719,0.2976452852442808,0.5952905704885616
38.2,4.703839226809075,0.29616077319092504,0.5923215463818501
38.300000000000004,4.7053163348276765,0.2946836651723235,0.589367330344647
38.400000000000006,4.7067860757393,0.2932139242606997,0.5864278485213994
38.5,4.7082484862875456,0.29175151371245445,0.5835030274249089
38.6,4.709703603032753,0.2902963969672472,0.5805927939344944
38.7,4.711151462352916,0.28884853764708396,0.5776970752941679
38.800000000000004,4.712592100444594,0.28740789955540613,0.5748157991108123
38.900000000000006,4.714025553323815,0.2859744466761853,0.5719488933523706
39.0,4.715451856826973,0.28454814317302723,0.5690962863460545
39.1,4.716871046611732,0.2831289533882684,0.5662579067765368
39.2,4.71828315815791,0.28171684184208967,0.5634336836841793
39.300000000000004,4.719688226768369,0.2803117732316309,0.5606235464632618
39.400000000000006,4.721086287569898,0.27891371243010177,0.5578274248602035
39.5,4.72247737551409,0.27752262448591036,0.5550452489718207
39.6,4.723861525378214,0.27613847462178587,0.5522769492435717
39.7,4.725238771766092,0.27476122823390803,0.5495224564678161
39.800000000000004,4.726609149108953,0.2733908508910474,0.5467817017820948
39.900000000000006,4.727972691666301,0.2720273083336986,0.5440546166673972
40.0,4.729329433526774,0.2706705664732256,0.5413411329464513
40.1,4.730679408608989,0.2693205913910113,0.5386411827820226
40.2,4.73202265066239,0.26797734933760964,0.5359546986752193
40.300000000000004,4.733359193268101,0.2666408067318988,0.5332816134637977
40.400000000000006,4.734689069839757,0.26531093016024343,0.5306218603204869
40.5,4.7360123136243395,0.2639876863756605,0.527975372751321
40.6,4.7373289577030135,0.26267104229698646,0.5253420845939729
40.7,4.73863903499195,0.2613609650080502,0.5227219300161003
40.800000000000004,4.739942578243149,0.2600574217568514,0.5201148435137029
40.900000000000006,4.741239620045258,0.258760379954742,0.517520759909484
41.0,4.7425301928243915,0.2574698071756085,0.514939614351217
41.1,4.743814328844936,0.2561856711550643,0.5123713423101286
41.2,4.745092060210358,0.2549079397896419,0.5098158795792838
41.300000000000004,4.74636341886401,0.2536365811359902,0.5072731622719804
41.400000000000006,4.747628436589922,0.2523715634100778,0.5047431268201557
41.5,4.748887145013605,0.2511128549863946,0.5022257099727891
41.6,4.7501395756028355,0.2498604243971645,0.499720848794329
41.7,4.751385759668441,0.248614240331559,0.497228480663118
41.800000000000004,4.75262572836509,0.24737427163490988,0.49474854326981976
41.900000000000006,4.753859512692064,0.2461404873079358,0.4922809746158716
42.0,4.755087143494036,0.24491285650596417,0.48982571301192834
42.1,4.756308651461839,0.2436913485381611,0.4873826970763222
42.2,4.757524067133237,0.24247593286676317,0.48495186573352633
42.300000000000004,4.758733420893684,0.24126657910631621,0.48253315821263243
42.400000000000006,4.759936742977087,0.2400632570229133,0.4801265140458266
42.5,4.761134063466561,0.2388659365334389,0.4777318730668778
42.6,4.762325412295181,0.2376745877048192,0.4753491754096384
42.7,4.763510819246729,0.23648918075327074,0.4729783615065415
42.800000000000004,4.764690313956442,0.23530968604355795,0.4706193720871159
42.900000000000006,4.765863925911748,0.23413607408825232,0.46827214817650464
43.0,4.767031684453006,0.23296831554699438,0.46593663109398875
43.1,4.768193618774243,0.23180638122575736,0.4636127624515147
43.2,4.769349757923875,0.23065024207612517,0.46130048415225033
43.300000000000004,4.770500130805442,0.22949986919455778,0.45899973838911556
43.400000000000006,4.771644766178327,0.22835523382167278,0.45671046764334555
43.5,4.772783692658472,0.22721630734152765,0.4544326146830553
43.6,4.7739169387191005,0.2260830612808995,0.452166122561799
43.7,4.775044532691421,0.22495546730857896,0.4499109346171579
43.800000000000004,4.776166502765342,0.22383349723465784,0.4476669944693157
43.900000000000006,4.777282876990175,0.22271712300982482,0.44543424601964965
44.0,4.778393683275333,0.22160631672466735,0.4432126334493347
44.1,4.779498949391029,0.22050105060897085,0.4410021012179417
44.2,4.780598702968978,0.2194012970310224,0.4388025940620448
44.300000000000004,4.781692971503072,0.21830702849692774,0.43661405699385547
44.400000000000006,4.782781782350084,0.21721821764991578,0.43443643529983156
44.5,4.783865162730342,0.21613483726965832,0.43226967453931664
44.6,4.78494313972841,0.21505686027158966,0.4301137205431793
44.7,4.786015740293771,0.21398425970622892,0.42796851941245784
44.800000000000004,4.787082991241494,0.21291700875850594,0.4258340175170119
44.900000000000006,4.788144919252909,0.2118550807470907,0.4237101614941814
45.0,4.789201550876271,0.21079844912372891,0.42159689824745783
45.1,4.790252912527427,0.2097470874725733,0.4194941749451466
45.2,4.79129903049047,0.20870096950952988,0.41740193901905975
45.300000000000004,4.7923399309184065,0.2076600690815935,0.415320138163187
45.400000000000006,4.793375639833799,0.20662436016620056,0.4132487203324011
45.5,4.794406183129428,0.20559381687057243,0.41118763374114486
45.6,4.795431586568925,0.20456841343107524,0.40913682686215047
45.7,4.796451875787432,0.20354812421256785,0.4070962484251357
45.800000000000004,4.797467076292233,0.20253292370776688,0.40506584741553375
45.900000000000006,4.798477213463393,0.20152278653660716,0.4030455730732143
46.0,4.799482312554392,0.2005176874456076,0.4010353748912152
46.1,4.800482398692763,0.19951760130723706,0.3990352026144741
46.2,4.801477496880708,0.19852250311929165,0.3970450062385833
46.300000000000004,4.802467631995737,0.19753236800426333,0.39506473600852665
46.400000000000006,4.803452828791277,0.19654717120872256,0.3930943424174451
46.5,4.8044331118973,0.19556688810270018,0.39113377620540035
46.6,4.805408505820934,0.19459149417906563,0.38918298835813125
46.7,4.80637903494708,0.19362096505292037,0.38724193010584074
46.800000000000004,4.807344723539014,0.1926552764609859,0.3853105529219718
46.900000000000006,4.808305595739003,0.19169440426099715,0.3833888085219943
47.0,4.809261675568901,0.1907383244310994,0.3814766488621988
47.1,4.810212986930754,0.18978701306924606,0.3795740261384921
47.2,4.8111595536073954,0.18884044639260456,0.3776808927852091
47.300000000000004,4.8121013992630415,0.18789860073695852,0.37579720147391704
47.400000000000006,4.813038547443883,0.18696145255611718,0.37392290511223436
47.5,4.813971021578673,0.18602897842132737,0.37205795684265475
47.6,4.8148988449793135,0.18510115502068647,0.37020231004137294
47.7,4.815822040841438,0.1841779591585624,0.3683559183171248
47.800000000000004,4.81674063224499,0.18325936775501006,0.3665187355100201
47.900000000000006,4.817654642154804,0.1823453578451959,0.3646907156903918
48.0,4.818564093421175,0.1814359065788249,0.3628718131576498
48.1,4.819469008780431,0.18053099121956873,0.36106198243913745
48.2,4.820369410855505,0.17963058914449537,0.35926117828899073
48.300000000000004,4.821265322156494,0.17873467784350616,0.3574693556870123
48.400000000000006,4.822156765081227,0.17784323491877263,0.35568646983754526
48.5,4.823043761915826,0.17695623808417427,0.35391247616834853
48.6,4.823926334835255,0.1760736651647452,0.3521473303294904
48.7,4.824804505903884,0.17519549409611557,0.35039098819223113
48.800000000000004,4.8256782970760375,0.17432170292396254,0.3486434058479251
48.900000000000006,4.826547730196538,0.1734522698034624,0.3469045396069248
49.0,4.827412827001259,0.1725871729987407,0.3451743459974814
49.1,4.828273609117667,0.1717263908823332,0.3434527817646664
49.2,4.829130098065358,0.17086990193464224,0.3417398038692845
49.300000000000004,4.829982315256601,0.1700176847433994,0.3400353694867988
49.400000000000006,4.830830281996871,0.16916971800312908,0.33833943600625815
49.5,4.831674019485379,0.1683259805146209,0.3366519610292418
49.6,4.832513548815609,0.16748645118439143,0.33497290236878285
49.7,4.833348890975834,0.16665110902416558,0.33330221804833116
49.800000000000004,4.834180066849655,0.16581993315034538,0.33163986630069076
49.900000000000006,4.8350070972165105,0.16499290278348955,0.3299858055669791
50.0,4.8358300027522025,0.16416999724779746,0.3283399944955949
50.1,4.836648804029413,0.1633511959705869,0.3267023919411738
50.2,4.837463521518217,0.16253647848178332,0.32507295696356664
50.300000000000004,4.838274175586593,0.16172582441340744,0.3234516488268149
50.400000000000006,4.8390807865009355,0.16091921349906446,0.3218384269981289
50.5,4.839883374426559,0.16011662557344142,0.32023325114688284
50.6,4.840681959428204,0.15931804057179644,0.3186360811435929
50.7,4.841476561470537,0.15852343852946316,0.3170468770589263
50.800000000000004,4.84226720041865,0.15773279958134978,0.31546559916269956
50.900000000000006,4.843053896038558,0.1569461039614417,0.3138922079228834
51.0,4.843836667997694,0.15616333200230592,0.31232666400461184
51.1,4.844615535865396,0.15538446413460427,0.31076892826920854
51.2,4.8453905191134,0.15460948088659965,0.3092189617731993
51.300000000000004,4.846161637116331,0.15383836288366926,0.3076767257673385
51.400000000000006,4.846928909152177,0.15307109084782322,0.30614218169564644
51.5,4.8476923544027795,0.15230764559722054,0.3046152911944411
51.6,4.848451991954309,0.15154800804569124,0.3030960160913825
51.7,4.849207840797744,0.15079215920225586,0.3015843184045117
51.800000000000004,4.849959919829346,0.15004008017065384,0.3000801603413077
51.900000000000006,4.850708247851129,0.14929175214887103,0.29858350429774205
52.0,4.851452843571332,0.148547156428668,0.297094312857336
52.1,4.852193725604888,0.14780627439511207,0.29561254879022414
52.2,4.8529309124738855,0.14706908752611447,0.29413817505222895
52.300000000000004,4.853664422608036,0.14633557739196412,0.29267115478392824
52.400000000000006,4.854394274345129,0.14560572565487107,0.29121145130974213
52.5,4.855120485931497,0.14487951406850286,0.2897590281370057
52.6,4.8558430755224675,0.14415692447753248,0.28831384895506496
52.7,4.856562061182818,0.1434379388171818,0.2868758776343636
52.800000000000004,4.857277460887228,0.14272253911277222,0.28544507822554444
52.900000000000006,4.857989292520726,0.14201070747927425,0.2840214149585485
53.0,4.858697573879141,0.14130242612085908,0.28260485224171816
53.1,4.859402322669543,0.14059767733045714,0.2811953546609143
53.2,4.86010355651069,0.1398964434893104,0.2797928869786208
53.300000000000004,4.860801292933462,0.13919870706653814,0.2783974141330763
53.400000000000006,4.861495549381308,0.13850445061869188,0.27700890123738375
53.5,4.862186343210675,0.13781365678932467,0.27562731357864934
53.6,4.862873691691444,0.13712630830855588,0.27425261661711176
53.7,4.863557612007364,0.13644238799263597,0.27288477598527194
53.800000000000004,4.864238121256477,0.13576187874352286,0.2715237574870457
53.900000000000006,4.864915236451551,0.13508476354844934,0.2701695270968987
54.0,4.8655889745205005,0.13441102547949946,0.2688220509589989
54.1,4.8662593523068125,0.1337406476931875,0.267481295386375
54.2,4.866926386569967,0.13307361343003343,0.26614722686006687
54.300000000000004,4.867590093985854,0.13240990601414637,0.26481981202829274
54.400000000000006,4.868250491147194,0.13174950885280623,0.26349901770561246
54.5,4.868907594563951,0.13109240543604894,0.2621848108720979
54.6,4.869561420663745,0.13043857933625524,0.2608771586725105
54.7,4.8702119857922614,0.12978801420773856,0.2595760284154771
54.800000000000004,4.870859306213663,0.1291406937863373,0.2582813875726746
54.900000000000006,4.871503398110994,0.12849660188900636,0.2569932037780127
55.0,4.872144277586585,0.1278557224134147,0.2557114448268294
55.1,4.872781960662456,0.12721803933754394,0.2544360786750879
55.2,4.873416463280718,0.12658353671928158,0.25316707343856315
55.300000000000004,4.87404780130397,0.12595219869603014,0.2519043973920603
55.400000000000006,4.874675990515693,0.12532400948430666,0.25064801896861333
55.5,4.8753010466206534,0.12469895337934656,0.2493979067586931
55.6,4.875922985245284,0.12407701475471633,0.24815402950943266
55.7,4.8765418219380825,0.1234581780619175,0.246916356123835
55.800000000000004,4.87715757217,0.12284242783000021,0.24568485566000042
55.900000000000006,4.877770251334823,0.12222974866517688,0.24445949733035377
56.0,4.878379874749564,0.12162012525043586,0.24324025050087172
56.1,4.87898645765484,0.12101354234516037,0.24202708469032075
56.2,4.879590015215253,0.12040998478474663,0.24081996956949325
56.300000000000004,4.8801905625197755,0.11980943748022455,0.2396188749604491
56.400000000000006,4.8807881145821215,0.11921188541787853,0.23842377083575705
56.5,4.881382686341123,0.11861731365887707,0.23723462731775413
56.6,4.881974292661105,0.11802570733889528,0.23605141467779056
56.7,4.8825629483322555,0.11743705166774454,0.23487410333548908
56.800000000000004,4.883148668070999,0.11685133192900121,0.23370266385800242
56.900000000000006,4.8837314665203575,0.1162685334796425,0.232537066959285
57.0,4.884311358250323,0.11568864174967697,0.23137728349935394
57.1,4.88488835775822,0.11511164224178039,0.23022328448356078
57.2,4.885462479469066,0.11453752053093424,0.2290750410618685
57.300000000000004,4.886033737735932,0.11396626226406781,0.22793252452813562
57.400000000000006,4.886602146840306,0.11339785315969397,0.22679570631938795
57.5,4.887167720992445,0.11283227900755488,0.22566455801510976
57.6,4.8877304743317325,0.11226952566826753,0.22453905133653507
57.7,4.888290420927031,0.11170957907296941,0.22341915814593882
57.800000000000004,4.888847574777034,0.11115242522296587,0.22230485044593173
57.900000000000006,4.889401949810617,0.11059805018938285,0.2211961003787657
58.0,4.889953559887186,0.11004644011281428,0.22009288022562856
58.1,4.89050241879702,0.10949758120298014,0.2189951624059603
58.2,4.89104854026162,0.10895145973838005,0.2179029194767601
58.300000000000004,4.891591937934053,0.10840806206594689,0.21681612413189377
58.400000000000006,4.892132625399288,0.10786737460071194,0.21573474920142388
58.5,4.89267061617454,0.10732938382546031,0.21465876765092062
58.6,4.893205923709606,0.10679407629039428,0.21358815258078856
58.7,4.893738561387202,0.10626143861279758,0.21252287722559515
58.800000000000004,4.8942685425232995,0.10573145747670054,0.21146291495340108
58.900000000000006,4.894795880367452,0.10520411963254794,0.2104082392650959
59.0,4.895320588103135,0.10467941189686503,0.20935882379373005
59.1,4.8958426788480685,0.10415732115193155,0.2083146423038631
59.2,4.896362165654549,0.10363783434545137,0.20727566869090275
59.300000000000004,4.896879061509772,0.1031209384902283,0.2062418769804566
59.400000000000006,4.897393379336162,0.1026066206638383,0.2052132413276766
59.5,4.897905131991691,0.10209486800830891,0.20418973601661783
59.6,4.898414332270203,0.10158566772979682,0.20317133545959365
59.7,4.898920992901731,0.101079007098269,0.202158014196538
59.800000000000004,4.899425126552816,0.10057487344718385,0.2011497468943677
59.900000000000006,4.899926745826828,0.10007325417317237,0.20014650834634473
60.0,4.900425863264272,0.09957413673572812,0.19914827347145625
60.1,4.900922491343112,0.09907750865688758,0.19815501731377516
60.2,4.9014166424790755,0.09858335752092451,0.19716671504184902
60.300000000000004,4.901908329025966,0.09809167097403382,0.19618334194806764
60.400000000000006,4.902397563275974,0.09760243672402602,0.19520487344805204
60.5,4.90288435745998,0.09711564254001992,0.19423128508003984
60.6,4.903368723747865,0.0966312762521353,0.1932625525042706
60.7,4.90385067424881,0.09614932575119006,0.19229865150238012
60.800000000000004,4.9043302210116035,0.09566977898839646,0.19133955797679292
60.900000000000006,4.904807376024939,0.0951926239750609,0.1903852479501218
61.0,4.905282151217718,0.09471784878228195,0.1894356975645639
61.1,4.9057545584593445,0.0942454415406555,0.188490883081311
61.2,4.906224609560023,0.09377539043997718,0.18755078087995436
61.300000000000004,4.906692316271057,0.09330768372894305,0.1866153674578861
61.400000000000006,4.907157690285137,0.09284230971486274,0.18568461942972547
61.5,4.90762074323664,0.09237925676336012,0.18475851352672024
61.6,4.908081486701912,0.0919185132980882,0.1838370265961764
61.7,4.908539932199564,0.09146006780043603,0.18292013560087206
61.800000000000004,4.908996091190757,0.0910039088092427,0.1820078176184854
61.900000000000006,4.90944997507949,0.09055002492050956,0.18110004984101913
62.0,4.909901595212885,0.09009840478711517,0.18019680957423034
62.1,4.910350962881466,0.08964903711853367,0.17929807423706734
62.2,4.910798089319451,0.08920191068054883,0.17840382136109767
62.300000000000004,4.911242985705023,0.08875701429497695,0.1775140285899539
62.400000000000006,4.911685663160615,0.08831433683938528,0.17662867367877055
62.5,4.912126132753185,0.0878738672468149,0.1757477344936298
62.6,4.912564405494498,0.08743559450550187,0.17487118901100374
62.7,4.913000492341395,0.08699950765860542,0.17399901531721085
62.800000000000004,4.913434404196068,0.08656559580393175,0.1731311916078635
62.900000000000006,4.913866151906338,0.0861338480936622,0.1722676961873244
63.0,4.914295746265919,0.08570425373408064,0.17140850746816128
63.1,4.914723198014694,0.08527680198530607,0.17055360397061214
63.2,4.915148517838977,0.08485148216102267,0.16970296432204535
63.300000000000004,4.915571716371787,0.08442828362821331,0.16885656725642662
63.400000000000006,4.915992804193109,0.08400719580689131,0.16801439161378262
63.5,4.916411791830161,0.08358820816983936,0.16717641633967872
63.6,4.916828689757653,0.08317131024234659,0.16634262048469317
63.7,4.91724350839806,0.08275649160194032,0.16551298320388064
63.800000000000004,4.917656258121864,0.08234374187813565,0.1646874837562713
63.900000000000006,4.918066949247834,0.08193305075216628,0.16386610150433256
64.0,4.918475592043268,0.08152440795673233,0.16304881591346465
64.10000000000001,4.918882196724256,0.08111780327574358,0.16223560655148717
64.2,4.919286773455938,0.08071322654406199,0.16142645308812398
64.3,4.9196893323527515,0.08031066764724848,0.16062133529449696
64.4,4.920089883478692,0.07991011652130808,0.15982023304261617
64.5,4.920488436847557,0.07951156315244301,0.15902312630488602
64.60000000000001,4.920885002423202,0.07911499757679774,0.15822999515359548
64.7,4.921279590119788,0.07872040988021212,0.15744081976042423
64.8,4.921672209802026,0.07832779019797442,0.15665558039594885
64.9,4.922062871285429,0.07793712871457092,0.15587425742914185
65.0,4.922451584336556,0.07754841566344428,0.15509683132688856
65.10000000000001,4.922838358673252,0.07716164132674841,0.15432328265349682
65.2,4.923223203964896,0.07677679603510423,0.15355359207020847
65.3,4.92360612983264,0.07639387016735988,0.15278774033471976
65.4,4.923987145849652,0.0760128541503482,0.1520257083006964
65.5,4.9243662615413495,0.07563373845865051,0.15126747691730102
65.60000000000001,4.924743486385648,0.07525651361435237,0.15051302722870474
65.7,4.925118829813186,0.0748811701868144,0.1497623403736288
65.8,4.925492301207568,0.07450769879243158,0.14901539758486315
65.9,4.925863909905601,0.07413609009439881,0.14827218018879762
66.0,4.92623366519752,0.07376633480247996,0.14753266960495992
66.10000000000001,4.926601576327227,0.07339842367277338,0.14679684734554677
66.2,4.926967652492519,0.073032347507481,0.146064695014962
66.3,4.92733190284532,0.07266809715468003,0.14533619430936007
66.4,4.927694336491907,0.07230566350809298,0.14461132701618595
66.5,4.928054962493141,0.07194503750685932,0.14389007501371864
66.60000000000001,4.928413789864689,0.07158621013531086,0.14317242027062171
66.7,4.928770827577257,0.0712291724227434,0.1424583448454868
66.8,4.929126084556803,0.07087391544319743,0.14174783088639487
66.9,4.929479569684772,0.07052043031522803,0.14104086063045607
67.0,4.92983129179831,0.07016870820168997,0.14033741640337993
67.10000000000001,4.930181259690489,0.06981874030951118,0.13963748061902237
67.2,4.930529482110523,0.069470517889477,0.138941035778954
67.3,4.930875967763992,0.06912403223600805,0.1382480644720161
67.4,4.931220725313055,0.06877927468694534,0.13755854937389067
67.5,4.931563763376668,0.06843623662333176,0.13687247324666352
67.60000000000001,4.931905090530801,0.06809490946919894,0.13618981893839788
67.7,4.932244715308651,0.06775528469134873,0.13551056938269745
67.8,4.9325826462008555,0.06741735379914449,0.13483470759828897
67.9,4.932918891655703,0.06708110834429704,0.13416221668859407
68.0,4.933253460079348,0.06674653992065238,0.13349307984130476
68.10000000000001,4.933586359836019,0.06641364016398121,0.13282728032796243
68.2,4.933917599248226,0.06608240075177374,0.13216480150354748
68.3,4.9342471865969735,0.06575281340302652,0.13150562680605304
68.4,4.93457513012196,0.06542486987803997,0.13084973975607994
68.5,4.934901438021793,0.06509856197820696,0.13019712395641392
68.60000000000001,4.935226118454186,0.06477388154581387,0.12954776309162774
68.7,4.935549179536166,0.06445082046383366,0.12890164092766732
68.8,4.9358706293442784,0.06412937065572155,0.1282587413114431
68.9,4.936190475914784,0.06380952408521612,0.12761904817043224
69.0,4.936508727243864,0.06349127275613586,0.12698254551227173
69.10000000000001,4.936825391287819,0.06317460871218117,0.12634921742436234
69.2,4.937140475963265,0.06285952403673534,0.12571904807347067
69.3,4.937453989147336,0.06254601085266387,0.12509202170532774
69.4,4.937765938677878,0.062234061322121725,0.12446812264424345
69.5,4.9380763323536465,0.061923667646353486,0.12384733529270697
69.60000000000001,4.938385177934498,0.061614822065502395,0.12322964413100479
69.7,4.938692483141589,0.061307516858411404,0.12261503371682281
69.8,4.938998255657565,0.06100174434243488,0.12200348868486977
69.9,4.939302503126756,0.060697496873244106,0.12139499374648821
70.0,4.939605233155363,0.06039476684463718,0.12078953368927436
70.10000000000001,4.939906453311654,0.06009354668834632,0.12018709337669264
70.2,4.940206171126148,0.059793828873852206,0.11958765774770441
70.3,4.940504394091805,0.059495605908194804,0.11899121181638961
70.4,4.940801129664216,0.05919887033578419,0.11839774067156839
70.5,4.941096385261785,0.05890361473821493,0.11780722947642985
70.60000000000001,4.941390168265919,0.0586098317340813,0.1172196634681626
70.7,4.941682486021206,0.058317513978794366,0.11663502795758873
70.8,4.941973345835606,0.058026654164393676,0.11605330832878735
70.9,4.9422627549806295,0.0577372450193705,0.115474490038741
71.0,4.942550720691521,0.05744927930847865,0.1148985586169573
71.10000000000001,4.942837250167438,0.0571627498325622,0.1143254996651244
71.2,4.943122350571631,0.056877649428368926,0.11375529885673785
71.3,4.943406029031626,0.0565939709683736,0.1131879419367472
71.4,4.9436882926394,0.056311707360600316,0.11262341472120063
71.5,4.943969148451556,0.056030851548444005,0.11206170309688801
71.60000000000001,4.944248603489506,0.055751396510493656,0.11150279302098731
71.7,4.944526664739639,0.05547333526036091,0.11094667052072182
71.8,4.944803339153501,0.05519666084649888,0.11039332169299776
71.9,4.9450786336479675,0.054921366352032486,0.10984273270406497
72.0,4.945352555105415,0.054647444894585284,0.10929488978917057
72.10000000000001,4.945625110373894,0.05437488962610626,0.10874977925221252
72.2,4.945896306267299,0.054103693732701075,0.10820738746540215
72.3,4.946166149565544,0.05383385043445621,0.10766770086891242
72.4,4.946434647014724,0.053565352985276427,0.10713070597055285
72.5,4.946701805327289,0.053298194672710686,0.10659638934542137
72.60000000000001,4.946967631182211,0.05303236881778872,0.10606473763557744
72.7,4.947232131225152,0.05276786877484785,0.1055357375496957
72.8,4.947495312068624,0.05250468793137575,0.1050093758627515
72.9,4.947757180292164,0.052242819707836397,0.10448563941567279
73.0,4.948017742442489,0.05198225755751107,0.10396451511502214
73.10000000000001,4.948277005033669,0.05172299496633137,0.10344598993266274
73.2,4.94853497454728,0.05146502545272025,0.1029300509054405
73.3,4.948791657432575,0.051208342567425014,0.10241668513485003
73.4,4.949047060106638,0.050952939893361915,0.10190587978672383
73.5,4.94930118895455,0.05069881104545004,0.10139762209090009
73.60000000000001,4.949554050329546,0.05044594967045413,0.10089189934090825
73.7,4.949805650553172,0.05019434944682821,0.10038869889365643
73.8,4.950055995915448,0.04994400408455224,0.09988800816910448
73.9,4.95030509267502,0.049694907324980164,0.09938981464996033
74.0,4.950552947059321,0.04944705294067919,0.09889410588135839
74.10000000000001,4.950799565264723,0.04920043473527702,0.09840086947055404
74.2,4.9510449534566945,0.048955046543305514,0.09791009308661103
74.3,4.951289117769953,0.04871088223004705,0.0974217644600941
74.4,4.951532064308617,0.048467935691382635,0.09693587138276527
74.5,4.951773799146366,0.04822620085363383,0.09645240170726765
74.60000000000001,4.952014328326582,0.04798567167341794,0.09597134334683588
74.7,4.952253657862506,0.0477463421374944,0.0954926842749888
74.8,4.95249179373739,0.04750820626261021,0.09501641252522042
74.9,4.952728741904643,0.04727125809535693,0.09454251619071385
75.0,4.952964508287982,0.04703549171201793,0.09407098342403586
75.10000000000001,4.953199098781578,0.04680090121842184,0.09360180243684368
75.2,4.953432519250206,0.04656748074979422,0.09313496149958844
75.3,4.95366477552939,0.046335224470610115,0.09267044894122023
75.4,4.953895873425549,0.046104126574451065,0.09220825314890213
75.5,4.954125818716142,0.04587418128385767,0.09174836256771535
75.60000000000001,4.954354617149814,0.04564538285018571,0.09129076570037142
75.7,4.954582274446538,0.04541772555346224,0.09083545110692448
75.8,4.9548087962977565,0.0451912037022435,0.090382407404487
75.9,4.955034188366529,0.04496581163347102,0.08993162326694204
76.0,4.955258456287669,0.0447415437123313,0.0894830874246626
76.10000000000001,4.955481605667885,0.044518394332114575,0.08903678866422915
76.2,4.9557036420859255,0.04429635791407449,0.08859271582814898
76.3,4.9559245710927105,0.04407542890728955,0.0881508578145791
76.4,4.956144398211476,0.04385560178852366,0.08771120357704731
76.5,4.956363128937914,0.0436368710620858,0.0872737421241716
76.60000000000001,4.956580768740303,0.04341923125969682,0.08683846251939364
76.7,4.956797323059648,0.043202676940351736,0.08640535388070347
76.80000000000001,4.957012797309821,0.042987202690179416,0.08597440538035883
76.9,4.957227196877686,0.042772803122313796,0.08554560624462759
77.0,4.957440527123246,0.042559472876754434,0.08511894575350887
77.10000000000001,4.957652793379767,0.04234720662023328,0.08469441324046656
77.2,4.957864000953917,0.04213599904608323,0.08427199809216646
77.30000000000001,4.958074155125897,0.04192584487410311,0.08385168974820623
77.4,4.95828326114957,0.04171673885042981,0.08343347770085963
77.5,4.9584913242526,0.04150867574739969,0.08301735149479939
77.60000000000001,4.958698349636575,0.041301650363425146,0.08260330072685029
77.7,4.958904342477139,0.04109565752286137,0.08219131504572275
77.80000000000001,4.959109307924125,0.040890692075874924,0.08178138415174985
77.9,4.959313251101679,0.040686748898321135,0.08137349779664227
78.0,4.959516177108391,0.04048382289160912,0.08096764578321825
78.10000000000001,4.959718091017423,0.04028190898257744,0.08056381796515488
78.2,4.959918997876632,0.04008100212336796,0.08016200424673592
78.30000000000001,4.9601189027087,0.03988109729129974,0.07976219458259948
78.4,4.96031781051126,0.03968218948874025,0.0793643789774805
78.5,4.9605157262570145,0.039484273742985465,0.07896854748597093
78.60000000000001,4.96071265489387,0.03928734510613019,0.07857469021226038
78.7,4.960908601345051,0.03909139865494904,0.07818279730989808
78.80000000000001,4.96110357050923,0.03889642949077032,0.07779285898154065
78.9,4.961297567260645,0.03870243273935525,0.0774048654787105
79.0,4.961490596449226,0.03850940355077359,0.07701880710154718
79.10000000000001,4.961682662900713,0.03831733709928731,0.07663467419857461
79.2,4.961873771416776,0.038126228583223565,0.07625245716644713
79.30000000000001,4.96206392677514,0.037936073224860145,0.07587214644972029
79.4,4.962253133729697,0.03774686627030288,0.07549373254060576
79.5,4.962441397010632,0.03755860298936842,0.07511720597873683
79.60000000000001,4.962628721324535,0.03737127867546519,0.07474255735093038
79.7,4.962815111354525,0.03718488864547531,0.07436977729095062
79.80000000000001,4.963000571760362,0.0369994282396382,0.0739988564792764
79.9,4.963185107178566,0.03681489282143424,0.07362978564286848
80.0,4.963368722222532,0.03663127777746844,0.07326255555493688
80.10000000000001,4.963551421482645,0.036448578517354946,0.07289715703470989
80.2,4.9637332095263975,0.036266790473602484,0.07253358094720497
80.30000000000001,4.963914090898499,0.03608590910150067,0.07217181820300134
80.4,4.964094070120995,0.03590592987900543,0.07181185975801085
80.5,4.964273151693372,0.03572684830662798,0.07145369661325596
80.60000000000001,4.9644513400926815,0.03554865990731848,0.07109731981463696
80.7,4.964628639773641,0.03537136022635856,0.07074272045271712
80.80000000000001,4.964805055168753,0.035194944831246744,0.07038988966249349
80.9,4.964980590688412,0.03501940931158831,0.07003881862317662
81.0,4.965155250721013,0.03484474927898695,0.0696894985579739
81.10000000000001,4.965329039633068,0.03467096036693196,0.06934192073386392
81.2,4.9655019617693075,0.03449803823069253,0.06899607646138506
81.30000000000001,4.965674021452795,0.03432597854720498,0.06865195709440997
81.4,4.96584522298503,0.03415477701496972,0.06830955402993943
81.5,4.966015570646062,0.03398442935393842,0.06796885870787683
81.60000000000001,4.96618506869459,0.033814931305410134,0.06762986261082027
81.7,4.9663537213680735,0.033646278631926485,0.06729255726385297
81.80000000000001,4.9665215328828385,0.033478467117161514,0.06695693423432303
81.9,4.966688507434183,0.03331149256581689,0.06662298513163378
82.0,4.966854649196478,0.03314535080352243,0.06629070160704487
82.10000000000001,4.967019962323276,0.032980037676724194,0.06596007535344839
82.2,4.967184450947415,0.03281554905258499,0.06563109810516998
82.30000000000001,4.967348119181118,0.03265188081888226,0.06530376163776452
82.4,4.9675109711161,0.03248902888389971,0.06497805776779941
82.5,4.967673010823669,0.03232698917633137,0.06465397835266273
82.60000000000001,4.967834242354823,0.03216575764517682,0.06433151529035364
82.7,4.967994669740362,0.03200533025963814,0.06401066051927629
82.80000000000001,4.968154296990977,0.03184570300902312,0.06369140601804624
82.9,4.968313128097358,0.03168687190264219,0.06337374380528438
83.0,4.968471167030291,0.031528832969708986,0.06305766593941797
83.10000000000001,4.968628417740758,0.03137158225924175,0.0627431645184835
83.2,4.968784884160034,0.031215115839965613,0.062430231679931225
83.30000000000001,4.968940570199789,0.03105942980021137,0.06211885960042274
83.4,4.969095479752181,0.030904520247818645,0.06180904049563729
83.5,4.969249616689957,0.03075038331004265,0.0615007666200853
83.60000000000001,4.969402984866549,0.030597015133451144,0.06119403026690229
83.7,4.969555588116169,0.03044441188383118,0.06088882376766236
83.80000000000001,4.969707430253906,0.030292569746094067,0.060585139492188134
83.9,4.969858515075821,0.030141484924178563,0.060282969848357126
84.0,4.970008846359044,0.029991153640955837,0.05998230728191167
84.10000000000001,4.970158427861865,0.02984157213813532,0.05968314427627064
84.2,4.970307263323827,0.029692736676173226,0.05938547335234645
84.30000000000001,4.970455356465825,0.029544643534174853,0.059089287068349705
84.4,4.970602710990196,0.029397289009803984,0.05879457801960797
84.5,4.970749330580811,0.029250669419188746,0.05850133883837749
84.60000000000001,4.970895218903168,0.0291047810968319,0.0582095621936638
84.7,4.971040379604481,0.02895962039551936,0.05791924079103872
84.80000000000001,4.971184816313776,0.028815183686224266,0.05763036737244853
84.9,4.971328532641977,0.028671467358022618,0.057342934716045235
85.0,4.971471532182002,0.028528467817998227,0.05705693563599645
85.10000000000001,4.971613818508844,0.028386181491155682,0.056772362982311364
85.2,4.971755395179672,0.02824460482032798,0.05648920964065596
85.30000000000001,4.971896265733908,0.02810373426609214,0.05620746853218428
85.4,4.972036433693323,0.027963566306676846,0.05592713261335369
85.5,4.972175902562125,0.027824097437875395,0.05564819487575079
85.60000000000001,4.972314675827041,0.02768532417295866,0.05537064834591732
85.7,4.972452756957411,0.02754724304258893,0.05509448608517786
85.80000000000001,4.97259014940527,0.027409850594730223,0.054819701189460446
85.9,4.972726856605437,0.027273143394562993,0.054546286789125986
86.0,4.9728628819755984,0.027137118024401552,0.054274236048803104
86.10000000000001,4.972998228916396,0.027001771083604353,0.05400354216720871
86.2,4.9731329008115095,0.026867099188490506,0.05373419837698101
86.30000000000001,4.973266901027745,0.026733098972255398,0.053466197944510796
86.4,4.973400232915113,0.026599767084887205,0.05319953416977441
86.5,4.973532899806918,0.026467100193081627,0.052934200386163255
86.60000000000001,4.973664905019841,0.02633509498015929,0.05267018996031858
86.7,4.973796251854017,0.02620374814598314,0.05240749629196628
86.80000000000001,4.973926943593124,0.02607305640687585,0.0521461128137517
86.9,4.974056983504465,0.02594301649553543,0.05188603299107086
87.0,4.97418637483904,0.025813625160959752,0.051627250321919504
87.10000000000001,4.974315120831643,0.025684879168356822,0.051369758336713645
87.2,4.974443224700929,0.025556775299071077,0.051113550598142155
87.30000000000001,4.974570689649501,0.025429310350499,0.050858620700998
87.4,4.974697518863989,0.025302481136010968,0.050604962272021936
87.5,4.974823715515132,0.02517628448486775,0.0503525689697355
87.60000000000001,4.974949282757851,0.02505071724214858,0.05010143448429716
87.7,4.975074223731335,0.02492577626866499,0.04985155253732998
87.80000000000001,4.975198541559113,0.024801458440887103,0.049602916881774206
87.9,4.975322239349139,0.024677760650861025,0.04935552130172205
88.0,4.975445320193863,0.024554679806136903,0.049109359612273806
88.10000000000001,4.975567787170314,0.02443221282968633,0.04886442565937266
88.2,4.9756896433401705,0.024310356659829502,0.048620713319659004
88.30000000000001,4.975810891749845,0.0241891082501553,0.0483782165003106
88.4,4.975931535430552,0.024068464569447556,0.04813692913889511
88.5,4.976051577398393,0.0239484226016069,0.0478968452032138
88.60000000000001,4.97617102065442,0.023828979345579704,0.04765795869115941
88.7,4.976289868184724,0.02371013181527637,0.04742026363055274
88.80000000000001,4.976408122960497,0.02359187703950294,0.04718375407900588
88.9,4.976525787938115,0.023474212061884714,0.04694842412376943
89.0,4.976642866059209,0.023357133940790753,0.046714267881581506
89.10000000000001,4.976759360250738,0.023240639749261938,0.046481279498523875
89.2,4.976875273425063,0.02312472657493725,0.0462494531498745
89.30000000000001,4.976990608480019,0.023009391519980937,0.046018783039961875
89.4,4.9771053682989885,0.02289463170101147,0.04578926340202294
89.5,4.977219555750973,0.02278044424902692,0.04556088849805384
89.60000000000001,4.977333173690665,0.02266682630933481,0.04533365261866962
89.7,4.977446224958519,0.02255377504148104,0.04510755008296208
89.80000000000001,4.977558712380822,0.022441287619177963,0.044882575238355926
89.9,4.977670638769766,0.022329361230234213,0.044658722460468425
90.0,4.9777820069235155,0.022217993076484532,0.044435986152969065
90.10000000000001,4.977892819626281,0.022107180373718727,0.04421436074743745
90.2,4.978003079648386,0.021996920351614158,0.043993840703228315
90.30000000000001,4.978112789746337,0.021887210253662914,0.04377442050732583
90.4,4.978221952662891,0.021778047337108752,0.043556094674217505
90.5,4.9783305711271275,0.021669428872872487,0.043338857745744974
90.60000000000001,4.978438647854514,0.021561352145486268,0.043122704290972536
90.7,4.978546185546973,0.021453814453026965,0.04290762890605393
90.80000000000001,4.978653186892954,0.021346813107046003,0.042693626214092006
90.9,4.9787596545674955,0.021240345432504526,0.04248069086500905
91.0,4.978865591232295,0.021134408767705004,0.04226881753541001
91.10000000000001,4.978970999535774,0.0210290004642264,0.0420580009284528
91.2,4.979075882113146,0.020924117886854,0.041848235773708
91.30000000000001,4.979180241586482,0.02081975841351813,0.04163951682703626
91.4,4.9792840805647725,0.020715919435227548,0.041431838870455096
91.5,4.979387401643999,0.020612598356001044,0.04122519671200209
91.60000000000001,4.979490207407192,0.02050979259280794,0.04101958518561588
91.7,4.979592500424502,0.020407499575497923,0.040814999150995845
91.80000000000001,4.97969428325326,0.020305716746739755,0.04061143349347951
91.9,4.979795558438043,0.02020444156195733,0.04040888312391466
92.0,4.9798963285107325,0.020103671489267505,0.04020734297853501
92.10000000000001,4.979996595990589,0.020003404009410808,0.040006808018821616
92.2,4.980096363384303,0.019903636615697273,0.03980727323139455
92.30000000000001,4.9801956331860655,0.019804366813934493,0.039608733627868986
92.4,4.980294407877626,0.019705592122374327,0.039411184244748654
92.5,4.980392689928356,0.019607310071643624,0.03921462014328725
92.60000000000001,4.980490481795314,0.019509518204685605,0.03901903640937121
92.7,4.9805877859233005,0.019412214076699463,0.03882442815339893
92.80000000000001,4.9806846047449245,0.01931539525507553,0.03863079051015106
92.9,4.980780940680661,0.019219059319339316,0.03843811863867863
93.0,4.980876796138913,0.01912320386108668,0.03824640772217336
93.10000000000001,4.980972173516073,0.01902782648392698,0.03805565296785396
93.2,4.981067075196579,0.018932924803420903,0.037865849606841806
93.30000000000001,4.98116150355298,0.01883849644702007,0.03767699289404014
93.4,4.981255460945988,0.018744539054011966,0.03748907810802393
93.5,4.981348949724543,0.018651050275456882,0.037302100550913764
93.60000000000001,4.981441972225871,0.018558027774129293,0.037116055548258586
93.7,4.981534530775537,0.018465469224462794,0.03693093844892559
93.80000000000001,4.98162662768751,0.0183733723124897,0.0367467446249794
93.9,4.98171826526422,0.018281734735779764,0.03656346947155953
94.0,4.981809445796609,0.01819055420339133,0.03638110840678266
94.10000000000001,4.981900171564194,0.0180998284358056,0.0361996568716112
94.2,4.981990444835127,0.018009555164873348,0.036019110329746695
94.30000000000001,4.982080267866242,0.01791973213375808,0.03583946426751616
94.4,4.982169642903121,0.01783035709687919,0.03566071419375838
94.5,4.982258572180143,0.01774142781985688,0.03548285563971376
94.60000000000001,4.982347057920546,0.01765294207945356,0.03530588415890712
94.7,4.982435102336479,0.017564897663521428,0.035129795327042856
94.80000000000001,4.9825227076290535,0.01747729237094653,0.03495458474189306
94.9,4.982609875988409,0.017390124011591013,0.034780248023182025
95.0,4.982696609593758,0.017303390406241625,0.03460678081248325
95.10000000000001,4.982782910613447,0.017217089386552864,0.03443417877310573
95.2,4.982868781205004,0.01713121879499635,0.0342624375899927
95.30000000000001,4.982954223515199,0.017045776484801323,0.034091552969602645
95.4,4.983039239680093,0.016960760319906676,0.03392152063981335
95.5,4.983123831825097,0.016876168174903228,0.033752336349806455
95.60000000000001,4.983208002065017,0.016791997934983094,0.03358399586996619
95.7,4.9832917525041145,0.01670824749588551,0.03341649499177102
95.80000000000001,4.983375085236154,0.0166249147638462,0.0332498295276924
95.9,4.983458002344459,0.01654199765554143,0.03308399531108286
96.0,4.98354050590196,0.01645949409804004,0.03291898819608008
96.10000000000001,4.983622597971252,0.016377402028748378,0.032754804057496756
96.2,4.98370428060464,0.016295719395359676,0.03259143879071935
96.30000000000001,4.983785555844195,0.016214444155805197,0.03242888831161039
96.4,4.983866425721801,0.01613357427819917,0.03226714855639834
96.5,4.98394689225921,0.01605310774078994,0.03210621548157988
96.60000000000001,4.984026957468089,0.01597304253191112,0.03194608506382224
96.7,4.9841066233500735,0.015893376649926516,0.03178675329985303
96.80000000000001,4.984185891896813,0.01581410810318662,0.03162821620637324
96.9,4.984264765090027,0.01573523490997264,0.03147046981994528
97.0,4.984343244901549,0.015656755098451214,0.03131351019690243
97.10000000000001,4.984421333293377,0.01557866670662289,0.03115733341324578
97.2,4.984499032217727,0.015500967782273278,0.031001935564546557
97.30000000000001,4.984576343617074,0.015423656382925977,0.030847312765851953
97.4,4.984653269424209,0.015346730575791057,0.030693461151582113
97.5,4.98472981156228,0.015270188437719767,0.030540376875439534
97.60000000000001,4.984805971944845,0.015194028055154796,0.03038805611030959
97.7,4.984881752475917,0.015118247524083195,0.03023649504816639
97.80000000000001,4.984957155050013,0.015042844949986645,0.03008568989997329
97.9,4.985032181552203,0.014967818447797043,0.029935636895594087
98.0,4.9851068338581515,0.014893166141848546,0.029786332283697092
98.10000000000001,4.98518111383417,0.014818886165829603,0.029637772331659207
98.2,4.985255023337264,0.014744976662735887,0.029489953325471774
98.30000000000001,4.985328564215173,0.01467143578482677,0.02934287156965354
98.4,4.985401738306423,0.014598261693577363,0.029196523387154727
98.5,4.98547454744037,0.01452545255962967,0.02905090511925934
98.60000000000001,4.985546993437247,0.014453006562752613,0.028906013125505226
98.7,4.985619078108207,0.014380921891793186,0.02876184378358637
98.80000000000001,4.985690803255371,0.014309196744629382,0.028618393489258764
98.9,4.985762170671871,0.014237829328129337,0.028475658656258673
99.0,4.985833182141896,0.014166817858104253,0.028333635716208505
99.10000000000001,4.985903839440737,0.014096160559263105,0.02819232111852621
99.2,4.985974144334829,0.014025855665170894,0.02805171133034179
99.30000000000001,4.986044098581799,0.013955901418200689,0.027911802836401378
99.4,4.986113703930508,0.013886296069491877,0.027772592138983754
99.5,4.986182962121091,0.01381703787890931,0.02763407575781862
99.60000000000001,4.986251874885007,0.013748125114992682,0.027496250229985364
99.7,4.98632044394508,0.013679556054920106,0.02735911210984021
99.80000000000001,4.986388671015539,0.013611328984461046,0.027222657968922093
99.9,4.9864565578020645,0.013543442197935462,0.027086884395870925
100.0,4.986524106001829,0.013475893998171173,0.026951787996342347
